name,reviews,rating,lead_gen_sites
Casa Interior Design Pte Ltd,2552,4.9,Hometrust
Supreme houzz design Pte Ltd,909,4.8,Qanvast
Ciseern by Designer Furnishings Pte Ltd,900,4.8,Qanvast
Key Concept Singapore,874,4.8,Qanvast
The Alchemist Design,690,5,Hometrust; KakiList
The Interior Lab (TIL) Pte Ltd,548,4.7,Qanvast
Yang's Inspiration Design,505,4.7,Qanvast; KakiList
Ft2 (Ubi) Interior Design (By Appointment Only),489,4.9,KakiList
ChengYi Interior Design,481,4.7,Qanvast; KakiList
Tab Gallery - Tradehub 21,405,4.8,Qanvast; Hometrust; KakiList
My Reno Diary (Gambas),400,4.5,Qanvast; Hometrust; KakiList
Weiken.com @ Tradehub 21,388,4.7,Qanvast
Lemonfridge Studio,382,4.3,Qanvast; KakiList
Earth Interior Design Pte Ltd,372,4.7,Qanvast
Rezt & Relax Interior,362,4.4,Qanvast; Hometrust; KakiList
Renologist,341,4.8,Qanvast; KakiList
Image Creative Design,338,4.6,Qanvast; KakiList
Sky Creation,324,4.4,Hometrust; KakiList
LOME Interior,321,4.9,Qanvast; KakiList
Le Interior Affairs Pte Ltd,318,4.8,Qanvast
Inspire ID Group Pte Ltd,302,4.8,Hometrust
CARPENTERS Interior Design (Tradehub21),294,4.8,Hometrust; KakiList
Fifth Avenue Interior Pte Ltd,288,4.8,Qanvast
Forefront Interior Pte Ltd.,278,4.9,Qanvast
WHST Design,270,4.6,Qanvast
Charlotte's Carpentry,263,4.7,Qanvast; KakiList
Massing Design,262,4.7,Qanvast; KakiList
21 Interior Studio,257,4.9,Hometrust; KakiList
Juz Interior,255,4.6,Qanvast; KakiList
Ascend Design,253,4.7,Qanvast; KakiList
Eight Design (East Showroom) - Top Interior Design Services Singapore,252,4.8,Qanvast
Space Atelier Pte Ltd,251,4.5,Qanvast
Absolook Interior Design Pte Ltd,242,4.7,Qanvast
SHE INTERIOR DESIGN PTE LTD,226,4.9,Qanvast
Boon Huat Interior Design,223,4.7,Hometrust; KakiList
9 Creation @ Tradehub 21,218,4.7,Hometrust; KakiList
Reborn Interior Pte. Ltd.,217,5,Hometrust
Design 4 Space Pte Ltd (Paya Lebar),216,4.7,Qanvast
SG INTERIOR DESIGN,215,4.9,Qanvast; KakiList
Fineline Design Pte Ltd,207,4.5,Qanvast
Interior Times,207,4.1,Qanvast; Hometrust; KakiList
Omni Design,207,4.8,Hometrust; KakiList
Comfort Home Interior,201,5,Qanvast; KakiList
The Local INN.terior,201,4.7,Qanvast; KakiList
Larvotto Interior Design Pte Ltd,199,4.7,Hometrust
Twothree Design,197,4.9,Qanvast; KakiList
Chapter 13 Interior Design,194,4.5,Hometrust; KakiList
Jialux Interior,194,4.7,Qanvast; KakiList
Vitas Design SG,191,5,HomeMatch; KakiList
Mr Designer Studio,189,4.8,Qanvast; KakiList
Design 4 Space Pte Ltd (Tradehub 21),183,4.7,Qanvast
ExQsite Interior Design Pte Ltd,182,4.7,Qanvast
Taccuino Interior Studio,180,5,Qanvast; KakiList
Starry Homestead @ Boon Lay Way,178,4.9,Qanvast
Thom Signature Design,174,4.9,Qanvast; KakiList
D&R Design Reno,167,4.9,Qanvast; KakiList
Visionary Interior Design Pte. Ltd.,165,4.7,Qanvast
DC Vision Design,164,4.8,Qanvast; KakiList
Insight.Out Studio,162,4.9,Qanvast; KakiList
Jesigns Interior Design Pte Ltd,162,4.9,Qanvast
Starry Homestead @ Paya Lebar,160,4.5,Qanvast
Empyrean Design Studio,159,4.8,Qanvast
2nd Phase Design - Interior Design Studio,157,5,Hometrust
Magnificent Living Concept Pte. Ltd.,155,4.9,Qanvast
Flo Design,152,4.9,Qanvast; KakiList
Posh Living Interior Design Pte Ltd,152,4.7,Qanvast
Todz'Terior Pte Ltd,151,4.7,Hometrust
U-Home Interior Design Pte Ltd,149,4.4,Qanvast
Urban Home Design Pte Ltd,147,4.9,Qanvast
Spacious Planners Pte. Ltd.,142,4.9,Hometrust
Hamid & Sons Interior Design,140,4.7,Hometrust
Underrated Studio,139,4.9,Hometrust; KakiList
GinGko Interior Solutions,138,4.5,Hometrust
Goodman Interior,138,4.9,Hometrust; KakiList
Quad.R Design Pte Ltd,135,4.8,Qanvast
SEIJI Interior,134,4.9,Qanvast
Zenith Arc (Interior Design Company Singapore),132,4.8,Qanvast
Dots 'N' Tots Interior,128,4.7,Hometrust; KakiList
Empire Works,127,4.8,Hometrust; KakiList
Starry Homestead @ Balestier Road,126,4.7,Qanvast
The Interior Place Pte Ltd,124,4.6,Qanvast
MiD INTERIOR DESIGN PTE LTD,123,4.9,KakiList
Interior Diary,122,4.9,Hometrust; KakiList
Pop Motif Interior,121,4.8,KakiList
Internio Design (East Showroom),120,4.6,Qanvast; Hometrust; KakiList
Kenso Art Interiors,120,4.4,Hometrust; KakiList
1618 Studio,119,4.8,Hometrust; Renodots; Houzz
M2 Decor Pte Ltd,118,4.8,Qanvast
Stylemyspace Pte. Ltd.,118,4.8,Qanvast
Divas Interior Design,117,4.8,Qanvast
HOFT,117,4.8,Qanvast; KakiList
Brickwood Studio,115,4.8,Qanvast
ID Gallery Interiors,113,4.8,HomeMatch
Mr Shopper Studio,112,4.8,Qanvast; Hometrust; KakiList
REGO Interior Design,112,5,Qanvast
Greeen,111,5,KakiList
InsideLookz Design,111,5,Qanvast
Craftmakers Interior Design,110,4.9,Qanvast; Hometrust; KakiList
MYD Pleasant Home Design,110,4.9,Qanvast; Hometrust; HomeMatch; KakiList
Swiss Interior @ Ubi,108,4.8,Qanvast; KakiList
Edgeline Planners @ IMM Mall,107,4.9,Hometrust
OVON Design (Balestier),104,4.9,Qanvast
Elpis Interior Design,103,5,Qanvast; KakiList
Noble Interior Design,103,4.9,Qanvast; Hometrust; KakiList
IDID Pte Ltd,101,4.8,Hometrust
Inizio Atelier,95,4.9,Qanvast; KakiList
Posh Stone Pte. Ltd.,94,5,Hometrust
Space Factor Pte Ltd,94,4.8,Qanvast
Elysian Design Studio,89,4.5,Hometrust; KakiList
Darwin Interior North Branch,87,4.9,Qanvast
Home Guide Design & Contracts Pte Ltd,87,4.9,Hometrust
Ecasa Studio Pte Ltd,86,4.8,Qanvast
Artistroom,85,5,Hometrust; KakiList
Ethan Interiors Design Studio,85,4.8,Hometrust; KakiList
Happe Design Atelier,85,4.9,Qanvast; Hometrust; KakiList
T&T Design Artisan Pte Ltd,85,4.8,Qanvast
Desace Studio Pte Ltd,82,4.9,Hometrust
Moda Interior Design @ Tradehub21,82,4.9,None found
The Design Scientists,80,5,Hometrust; KakiList
Kairos Interior Studio,79,4.7,KakiList
Comuna Interiors,78,4.7,Qanvast; KakiList
I-Chapter,76,4.8,Hometrust
NorthWest Interior Design pte ltd,75,4.2,Hometrust
Unimax Creative,74,4.5,Qanvast; KakiList
THE MIND DESIGN,73,4.7,Hometrust; KakiList
7 Sense Studio,72,4.8,Qanvast; KakiList
Design Story Pte Ltd,72,4.8,Qanvast
Yujia Concept Decor Pte Ltd,72,4.8,Qanvast
Albedo Design,71,4.6,Hometrust; KakiList
IDfferent Design,71,4.9,Qanvast; KakiList
Plus Interior Studio,71,4.9,Hometrust; Qanvast; KakiList
Studio 65 Interior Design,71,4.9,Hometrust; KakiList
Flipstone Interior Design,69,5,Qanvast; Hometrust; KakiList
The Interior Studio SG,69,4.9,Hometrust
Renozone,68,4.8,Hometrust; KakiList
Free Space Intent,67,4.5,Qanvast; KakiList
Ritchie Creative Design,66,4.8,Hometrust
VNA DESIGN PTE LTD,66,4.8,Qanvast
WK DESIGN SPACE PTE LTD,66,5,Qanvast
L & CO INTERIOR PTE. LTD. (Interior Design Company),64,5,Qanvast
A & D Designer's Group Pte Ltd,63,4.9,Hometrust
AC Vision Design,63,4.6,Hometrust; KakiList
Areana Creation Pte Ltd,63,4.5,Hometrust
Blank Interior Pte Ltd,63,4.9,Qanvast
De Style Interior,63,4.4,Hometrust; KakiList
E Modern Interior Design,63,5,Hometrust
Molecule Interior Design,61,4.9,Qanvast
J Design & Build Pte Ltd,60,4.9,Qanvast
96 Interior Pte Ltd,58,4.5,Hometrust
Design Avenue Pte Ltd,54,4.5,Hometrust
H Design,54,4.7,Qanvast; KakiList
Brick & Decor (North),50,4.8,Qanvast
Trinity interior design,50,5,Hometrust
Flying Ideas,48,4.9,Hometrust; KakiList
Design Identity,47,4.5,Qanvast
Project L Studio,47,4.9,Qanvast; KakiList
The Orange Cube Pte. Ltd.,46,4.1,Qanvast
King Hall Design,44,4.9,None found
Mr Designer Gallery,44,4.9,Qanvast
ARTrend Design Pte Ltd,42,4.6,Hometrust
Black N White Haus,42,4.5,Qanvast; KakiList
Hash Interior Pte Ltd,42,4.9,None found
Ngieng Spatial Design (Singapore Interior Studio with In-House Carpenter & HDB license contractor),42,4.8,Hometrust
SG Renovate - Interior Design Renovation Firm Singapore,42,5,None found
Monoloft,37,4.8,Hometrust; KakiList
In-Expat,36,4.4,KakiList
M-Concept Interior,35,4.7,Hometrust
Medina Design & Interiors,34,5,Qanvast
Eight Design (West Showroom) - Best Interior Design Services Singapore,33,4.7,Qanvast
Hock Hoon,33,4.8,Hometrust; KakiList
JD Interior Pte Ltd,31,4.6,Qanvast
Brown Studio Interior Design,29,5,Qanvast
LE Interi Design,28,4.8,Hometrust; KakiList
MET Interior,28,4.5,Qanvast; KakiList
Urban Nest Design,25,5,Qanvast
Hey Montgomery,23,5,None found
The Makers Design Studio,23,4.7,Qanvast
Artspaze Pte. Ltd.,22,5,Qanvast
